title,link
Joseph Teran,https://www.math.ucla.edu/~jteran/
Knot Atlas,http://katlas.math.toronto.edu/wiki/Main_Page
Slide Rule Meseum,http://www.sliderulemuseum.com/
Online Encyclopedia of Integer Sequences,https://oeis.org/play.html
Topology Student Resources, http://people.math.gatech.edu/~dmargalit7/tsr/index.shtml
The Proof is Trivial, http://www.theproofistrivial.com/
Scott Aaronson, http://www.scottaaronson.com/writings/bignumbers.html
Conway's Game of Life, http://www.bitstorm.org/gameoflife/
Babylonian Numerals, http://gwydir.demon.co.uk/jo/numbers/babylon/
The Prime Project, http://primes.utm.edu/
Xaos: Fractal Generator, http://matek.hu/xaos/doku.php
Marc Culler, http://homepages.math.uic.edu/~culler/software.html
Hydrogen Orbital Viewer, http://www.falstad.com/qmatom/
Quantum Diaries, http://www.quantumdiaries.org/2010/02/14/lets-draw-feynman-diagams/
The Accidental Mathematician, https://ilaba.wordpress.com/
This Weeks Find, http://math.ucr.edu/home/baez/this.week.html
Sketches of Topology, http://sketchesoftopology.wordpress.com/
Numberphile, https://www.youtube.com/user/numberphile
Whitney Music Box, http://whitneymusicbox.org/index.php?var=v1
Classic Triangles, http://randomrambleramble.tumblr.com/post/169616527259/linguisticparadox-thisisntmyrealhair
Segerman, http://www.segerman.org/index.html
Geometry Junkyard, http://www.ics.uci.edu/~eppstein/junkyard/
The Geometry Center, http://www.geom.uiuc.edu/
Fractals from Classic Iterated Function, http://ecademy.agnesscott.edu/~lriddle/ifs/ifs.htm
